Scenario,Probability
Scn1,0.14285714
Scn2,0.14285714
Scn3,0.14285714
Scn4,0.14285714
Scn5,0.14285714
Scn6,0.14285714
Scn7,0.14285714
